target	domain	cond	counts
AAVDJ-VP1	mMobA	S4	"83,46,205,118,164,230,325,479,544,324,274,203,333,444,550,416,257,440,300,338,274,441,440,292,534,228,317,350,167,128,256,717,287,695,523,638,335,495,264,209,239,267,188,363,371,171,336,380,337,382,271,142,39,61,161,136,109,25,158,182,109,200,149,270,348,553,232,53,151,185,309,218,52,71,172,67,122,177,61,264,178,111,72,345,110,261,280,56,74,159,161,280,186,29,85,37,230,211,101,248,251,3530,2713,2262,1292,124,114,294,125,503,387,386,401,417,332,266,328,474,443,435,465,453,232,423,466,669,401,455,386,398,217,270,309,389,337,543,374,617,541,459,198,290,54,161,289,178,262,306,326,372,237,130,313,345,550,474,141,311,137,33,175,60,77,181,285,689,671,194,487,229,313,537,270,474,442,332,518,431,304,485,261,565,337,318,401,409,468,586,470,562,601,298,339,530,667,482,601,586,642,434,374,1132,522,373,456,628,585,763,862,353,349,182,327,343,930,3805,1148,1354,840,1297,1423,1337,1484,849,1082,1207,1075,848,1770,1287,1016,812,1510,1060,1021,1288,1199,1264,897,1150,1610,1221,1369,1478,1448,916,387,1321,741,1086,1082,1653,1135,1552,1727,1708,1794,1974,1112,1784,1712,1530,1589,1963,811,440,905,301,655,999,912,1323,1114,1187,592,503,1079,1137,913,924,873,701,1307,1005,1056,1281,881,917,700,633,511,969,1093,528,450,962,1077,705,438,295,1315,1131,1121,1180,1027,739,1539,1254,600,1274,1198,721,1152,1114,381,746,568,648,113,71,165,448,901,912,1518,951,662,899,942,1088,1154,1552,1305,766,1380,1657,1291,1252,1185,1475,1032,877,711,831,1064,1400,1486,1568,1850,1425,894,858,635,1284,658,828,1411,1522,753,1496,597,2034,1166,733,2227,686,2510,953,568,11,2038,650,0,1163,651,1745,965,1237,940,1036,801,612,844,852,1259,750,1041,1171,521,934,1066,1174,1478,1247,1730,1291,1013,2022,1443,1586,1699,674,673,1992,1861,1489,1541,1903,1993,1277,1892,1549,1969,1854,2114,2126,1347,1233,684,1219,1667,1131,692,811,108,243,0,0,0,0,0,0,0,0,0,0,0,7,0,7,0,39,120,60,89,73,309,408,224,481,171,755,1023,691,754,478,1041,1247,905,1883,1056,620,974,234,1147,1052,1388,827,1589,1285,1329,1431,1754,242,1247,1543,1132,1267,495,216,516,1099,1229,848,779,570,429,518,567,640,497,1227,972,943,1008,883,1161,978,774,1168,551,801,531,285,762,1151,1481,784,956,1057,929,1000,1095,1378,874,1166,1075,1230,1270,1076,692,1225,1227,1512,1148,892,1317,1353,1077,790,389,500,270,642,2142,942,1287,934,1857,1127,1221,1029,1188,1142,1175,938,871,1236,1433,1869,563,1216,1107,1397,1354,1474,1399,913,1040,1089,1064,1247,1113,1734,890,1312,1258,813,1323,1274,1118,1263,1003,1282,962,1041,1164,1216,1580,1198,976,1311,1093,703,114,109,1,1150,553,1057,999,395,758,835,1497,1358,1141,654,1224,1179,1077,1110,815,1590,428,1010,815,1169,804,1114,435,1089,799,1277,847,712,837,564,629,924,1085,1074,788,1298,1566,1460,1002,1104,1608,1204,717,1184,1436,1283,1081,595,273,81,91,250,433,573,1183,760,570,1242,754,1766,762,1479,1942,1150,1295,1590,1602,1441,1589,1322,1853,1257,1683,1619,1222,1280,1603,1481,1032,1452,2497,1531,1913,1576,1021,2113,1139,1793,1871,1914,2100,2017,1419,1451,1581,1592,1634,1106,1649,1277,1824,730,128,544,834,1260,460,527,455,711,663,753,772,309,540,1007,965,812,345,1038,598,1120,867,915,588,805,775,1246,726,1081,334,1175,844,936,757,448,830,239,572,650,413,892,667,1079,706,1104,969,700,454,631,509,579,504,963"
AAVDJ-VP1	mMobA	S8	"37,95,174,124,176,452,395,324,454,401,411,443,562,534,513,707,372,416,674,332,393,539,923,474,716,657,612,554,544,339,537,442,592,461,413,400,419,411,243,324,441,499,218,423,478,304,504,388,385,483,284,236,161,52,122,226,191,59,391,207,374,292,368,338,490,374,196,189,126,242,294,144,251,199,197,261,301,229,169,220,219,172,224,187,368,266,246,234,199,270,216,347,218,190,115,217,286,223,201,277,387,4863,2798,2268,1235,116,32,241,119,523,396,459,440,432,422,454,614,517,450,435,543,594,370,464,654,617,522,428,447,504,553,474,506,511,459,540,674,636,1103,696,237,269,79,167,207,179,233,349,314,326,343,136,216,429,489,596,270,422,271,33,239,63,180,340,626,515,891,270,380,421,375,436,326,436,576,372,284,513,360,633,489,487,438,588,628,368,417,771,588,548,788,524,615,503,869,597,614,723,772,833,721,726,708,758,718,806,1094,837,1220,487,283,296,315,531,1605,5268,2025,2198,1256,1193,1439,1550,1619,1732,1119,1616,1228,1598,2006,1548,2102,1442,1790,1541,1521,1425,1746,1675,1965,1793,1416,1920,1827,1800,1573,1731,1037,1968,1444,2084,2016,1898,1853,2351,2661,2524,3354,2467,2041,3467,2774,3251,3571,3208,2093,854,1406,651,1413,1912,2228,2109,1641,1604,1266,1278,1610,1311,1319,1292,1068,1456,1972,1372,1634,2017,1630,1160,1525,1356,1111,1522,1715,550,1063,1545,1256,749,821,1073,1785,1605,1804,1771,1913,1146,1713,1732,1097,1901,2033,1341,2006,1747,1025,1390,1836,1505,74,10,205,483,1461,1788,2793,2205,1298,1435,1529,1854,1786,2566,1426,1370,1760,1921,1757,1788,1598,2178,1420,2175,1472,2073,2321,2120,1913,2146,2495,2067,1279,1306,1402,1709,940,1077,1947,1602,1520,2012,973,2366,1583,1892,2852,1209,2480,1466,693,154,2524,873,0,1374,1228,2176,1792,1526,1406,1460,1406,1646,1630,1393,1454,1613,1353,1489,1391,1059,1412,1662,1544,2072,2122,1322,1753,2042,2485,2159,2587,1106,998,2246,2378,2787,2533,2032,2383,2378,2136,2574,2386,2287,2821,2493,2821,3005,1466,2206,2922,1743,1116,832,293,301,0,0,0,0,0,0,17,0,0,0,0,0,34,23,32,85,91,133,117,470,351,388,409,795,493,1098,1508,1177,982,941,1969,1966,1441,1953,1800,759,1332,822,1516,1504,2022,1289,2939,2234,2282,2277,2339,381,1854,2198,2170,1465,386,132,1034,1124,1601,1377,1216,1088,1085,1105,905,1603,1286,1292,1252,1475,1532,1493,1610,1610,1422,1549,1367,1378,808,406,1982,1315,1566,1444,1494,1168,1864,1517,1262,1478,1696,2000,1427,1352,1721,2090,1227,2268,1519,1795,1580,1640,1598,2843,1547,1403,714,802,535,1237,2654,2147,1929,1263,1825,1717,1922,1800,2660,1939,1654,1616,1868,2304,1869,2517,942,1669,2316,2501,1989,1690,1606,1710,2226,1634,1453,1523,1505,1860,1728,1658,1797,1221,1850,1741,1658,1487,1996,1921,1846,2428,1743,1911,1825,1873,1690,1540,1882,1079,434,38,157,1559,803,2088,1973,1198,1171,865,1678,2031,1365,1821,1783,1894,1639,1846,1795,2318,1113,1457,1656,1668,1700,1607,1201,1328,1024,1089,990,1049,1843,1249,1225,1449,1516,1833,1695,1279,1791,2125,2025,1712,1923,1995,1578,1764,1266,1799,1320,1851,354,103,27,311,505,1333,1883,1555,1299,1795,1886,1892,2066,1993,2638,1714,2337,2511,2734,1954,2626,2217,2377,2101,2410,1854,2240,1947,2383,2749,1562,2720,2670,2318,2830,2476,2110,2615,2569,3265,3128,2894,2872,2487,1980,3072,2044,2290,1908,2245,2785,2911,2502,798,44,275,940,1129,1369,992,1234,1139,1112,1097,726,731,1104,1059,1256,1154,1146,969,1396,1362,1600,1393,1478,1495,1372,2029,1256,1520,1307,1812,1260,1478,999,641,903,641,825,1040,897,1204,993,1412,1254,1344,1430,886,810,632,718,1112,737,1075"
AAVDJ-VP1	mMobA	S7	"12,150,107,127,84,483,391,614,449,335,712,555,375,641,585,981,1125,766,986,734,745,700,576,489,618,588,683,362,593,457,693,400,455,531,519,567,540,399,476,433,593,537,271,598,502,517,363,599,680,546,521,258,181,99,118,85,289,62,384,371,457,260,458,601,443,540,291,145,294,134,221,193,225,224,273,311,301,245,231,216,252,152,256,272,276,187,498,298,220,200,216,289,229,234,222,193,283,31,410,315,434,7033,3851,3645,2066,251,115,560,120,492,297,693,812,748,551,451,557,686,461,552,713,872,382,391,631,963,717,635,647,708,590,667,390,503,588,846,648,1169,1170,714,315,365,43,338,328,336,163,502,516,425,385,493,415,694,662,593,541,710,295,59,356,132,135,297,691,929,1048,447,474,648,334,610,481,429,546,552,442,666,637,657,494,697,461,772,444,567,838,691,756,695,1121,570,1214,885,1043,841,807,679,1095,935,573,1335,742,517,1294,1264,1541,1132,1811,623,365,422,556,451,2078,5172,1960,2148,1212,1399,1531,1623,1997,2022,1225,1754,1074,1457,2246,1575,1992,1643,2062,2157,1628,2059,2221,1855,1925,2291,2384,2376,2013,2033,1924,2268,1122,1938,1849,2185,2710,2159,1940,2010,3857,2242,3329,2953,2683,3447,2660,2318,3496,2781,1438,1019,1358,765,1356,1389,2672,1932,2027,1954,1219,1253,1521,1747,1250,1389,1574,1513,1712,1968,1646,2126,1681,1350,1315,1361,908,1255,1108,698,1100,1732,1335,1326,860,1210,1766,1750,2463,1907,1933,995,1810,2226,1353,1500,1431,1604,2003,1519,943,1358,1549,1733,154,129,146,599,1934,2038,3210,1665,1389,1633,1376,1529,1876,2374,1693,1951,1654,3122,2152,2008,1685,2379,2057,1797,1811,1796,2772,2834,1792,1974,2949,2782,1620,1332,2215,2148,1256,842,1756,2330,1495,2790,990,2578,1924,1604,3441,1177,2555,1211,915,110,2677,695,0,1568,1208,2377,1441,1596,2067,1314,1303,1365,1501,1395,1626,1601,1152,1074,1345,1725,1322,1659,1945,1988,2517,1832,1550,3368,2519,2984,2691,1599,1268,2664,1880,2994,3061,3296,2376,3438,3408,2996,3016,3544,3241,3575,2787,3270,1340,2379,3419,1827,1401,1412,332,339,0,0,0,19,0,33,0,0,0,0,0,0,26,21,32,29,60,178,207,291,85,576,171,437,365,1036,1570,1136,958,986,1784,1531,1435,2555,1644,1175,1457,727,1755,1721,2287,1354,2424,2458,2200,1909,2310,447,1983,2571,1946,1658,471,245,364,1576,1517,1403,1108,784,1050,1015,611,1984,1203,1757,1557,1745,1558,1373,1932,1277,1300,1186,1478,1396,718,478,1219,1310,1845,1334,1622,1529,1763,1343,1442,1420,1472,1999,2005,1530,2088,2361,1029,1962,1488,1736,1821,1583,1808,2833,1045,1697,826,954,424,1396,2851,1580,1903,1675,1401,1598,1985,1544,2104,2065,1870,1527,1502,1949,1390,1717,965,1772,1383,2395,1698,1944,1844,1938,2425,1470,2280,2010,1775,1798,1737,2657,1836,1377,1631,1858,2250,2034,2039,1955,1442,1926,1685,1865,2312,1625,1907,2351,1598,804,519,72,151,1522,620,2002,1646,1216,1336,1093,1722,2135,1924,1535,2058,1809,2114,1170,1774,2382,1479,2002,1542,1491,1775,1760,1474,1560,1523,1701,1206,1835,1368,1176,1325,1387,1733,1794,2134,1640,2212,2899,1694,2540,1946,2028,1894,2329,1976,2498,1655,1822,465,28,42,741,793,1417,1966,1276,1131,1817,2087,2178,2518,1696,2903,1699,2440,3117,2894,2637,2652,2497,3353,2050,2589,2481,3133,1696,2760,2591,1762,2590,3116,2597,2673,2041,1993,2494,2170,2688,2649,3666,2741,2769,2213,2744,3355,2784,2981,2630,2986,3063,2479,1552,69,414,1165,1491,1362,1286,1310,1096,1759,1119,891,910,1553,1148,952,1126,1401,1020,1472,1607,1002,1318,1423,879,1312,1516,1613,1177,1046,2011,1676,1759,1351,742,838,852,698,1046,928,955,689,1888,808,1301,1183,889,794,965,854,1139,798,1290"
AAVDJ-VP1	mMobA	S2	"18,94,148,129,188,533,419,419,659,455,563,526,648,600,622,751,653,667,686,555,539,654,669,579,868,790,673,600,540,605,586,773,636,647,781,594,626,522,397,462,621,640,214,624,645,521,597,630,586,635,512,452,157,138,189,217,297,78,381,325,427,310,528,483,589,465,244,185,214,208,266,194,213,217,225,275,224,248,221,269,225,276,251,243,289,234,289,297,182,277,251,283,260,213,207,249,292,241,266,248,393,6605,3229,3051,1572,172,112,437,122,428,420,498,458,537,475,393,536,658,502,497,656,650,436,534,639,687,617,634,626,552,459,592,507,533,613,718,727,832,1119,943,292,358,49,183,319,239,221,357,408,327,343,249,324,488,478,526,373,514,244,88,270,71,197,263,634,599,825,363,421,387,415,478,423,424,407,430,327,516,526,478,383,592,433,587,642,381,441,659,600,551,673,623,746,640,806,542,699,560,711,691,436,894,757,589,763,845,945,783,1048,444,330,332,452,450,1624,4583,1674,1521,978,986,1248,1444,1765,1503,1135,1323,1305,1208,1584,1257,1628,1283,1518,1235,1416,1272,1494,1357,1456,1599,1602,1663,1569,1547,1445,1489,730,1410,1156,1582,1913,1747,1661,1764,2361,1866,2588,2063,1699,2034,2140,2013,2060,2090,1169,630,946,434,891,1172,1556,1572,1156,1279,736,990,1286,1286,1104,981,822,1081,1232,1037,1247,1272,1234,942,915,1035,863,1020,1189,547,944,1135,1069,604,671,794,1217,1239,1249,1410,1262,867,1282,1304,984,1219,1334,1095,1372,1334,869,923,1227,1193,113,46,231,455,1059,1323,1873,1120,847,873,781,1070,1167,1390,1087,1199,1382,1868,1290,1281,1192,1392,1152,1153,1168,1233,1644,1549,1413,1543,1836,1426,947,1019,1301,1314,782,692,1283,1369,1304,1572,758,1978,1234,1260,2249,756,1942,907,575,93,1942,671,1,945,709,1364,1328,1149,1165,912,941,1097,1006,975,1108,934,843,982,1118,987,917,1114,1273,1352,1771,1242,1362,1641,1632,1647,1710,986,777,1634,1673,1812,1898,1749,1981,1757,1895,1918,2018,2276,2055,2472,1999,2194,1259,1747,1988,1448,999,641,276,188,0,0,0,1,0,2,0,1,1,0,2,9,7,12,25,31,68,66,173,203,118,389,202,425,291,655,846,785,674,577,1261,1167,797,1481,1313,697,1028,345,1038,968,1422,796,1516,1566,1448,1074,1662,180,1333,1501,1215,965,381,167,482,1114,1165,910,779,681,740,704,642,1067,808,911,943,1098,1044,938,1098,953,959,796,935,852,517,312,988,834,940,1118,994,1029,1033,1044,972,1117,927,1322,1084,957,1208,1362,774,1293,1204,1145,1207,1083,1147,1650,954,848,463,578,428,799,1680,1194,1277,1089,1144,1265,1498,1329,1504,1407,1078,1063,1149,1402,1083,1497,527,1175,1481,1471,1387,1335,1160,1255,1262,1333,1417,1150,1143,1277,1234,1400,1372,825,1198,1321,1223,1340,1397,1315,1195,1356,1371,1370,1524,1374,1356,1363,1323,685,355,63,73,1061,523,1305,1206,981,1022,777,1239,1250,1167,1199,1190,1444,1135,1050,1321,1394,605,1237,1039,1266,1422,1341,858,1251,1127,1082,734,1070,1102,1037,992,1019,1220,1242,1348,1232,1675,1787,1459,1601,1572,1561,1234,1470,1536,1591,1490,1535,352,98,79,451,451,991,1325,1086,1043,1640,1465,1919,1748,1712,2169,1348,1713,2083,2001,1600,2215,1767,2039,1721,2119,1925,2110,1445,2075,1605,1127,1712,1966,1699,1811,1563,1467,1692,1780,2131,2090,2175,2236,1972,1787,2205,2201,1898,2030,1987,2350,2343,1861,777,69,286,773,1060,873,1109,1148,1269,1101,1189,880,826,1091,1167,1290,969,1006,915,1144,1211,1214,1121,1045,988,1124,1549,907,1193,1000,1444,1223,1394,1023,456,876,641,834,843,699,838,695,1119,845,1089,960,672,538,668,542,769,536,571,193"
AAVDJ-VP1	mMobA	S1	"17,103,170,155,214,615,544,534,777,484,674,570,652,684,680,783,691,763,765,695,656,734,724,625,924,845,713,712,551,596,578,756,740,656,675,615,631,492,386,337,563,608,265,608,561,522,576,520,545,616,463,412,120,110,109,147,213,56,268,250,245,193,411,306,485,382,207,194,177,187,196,183,191,177,209,198,195,204,196,230,169,229,163,192,216,204,218,222,153,206,209,182,195,193,145,189,162,137,196,214,351,8329,5970,5689,2557,260,149,674,151,456,529,650,589,606,517,486,625,651,627,604,737,745,375,551,696,745,626,544,684,573,470,648,502,558,535,715,727,1078,1379,1183,475,629,63,298,434,381,327,510,575,425,526,387,409,571,543,697,477,652,325,105,283,77,180,295,712,761,1039,531,691,597,542,711,579,596,625,643,544,739,628,690,580,697,572,746,839,487,582,871,838,699,817,743,814,830,989,687,755,758,861,980,525,988,835,618,850,1083,1238,910,1222,491,468,363,554,567,1608,4818,1729,1628,1067,1062,1186,1465,1750,1537,1205,1353,1354,1207,1676,1264,1688,1401,1502,1171,1097,1245,1485,1112,1315,1433,1279,1615,1446,1412,1264,1280,658,1296,943,1424,1688,1482,1360,1461,2091,1506,2198,1727,1540,2193,2340,2165,2230,2203,1204,692,1059,448,968,1231,1727,1694,1394,1321,823,815,1066,1141,1115,929,774,980,1167,1030,1112,1196,1133,908,865,911,730,972,949,496,888,997,932,546,641,670,1254,1334,1288,1329,1328,807,1252,1171,952,1107,1203,1072,1269,1192,765,905,1089,1184,90,53,141,402,965,1205,1693,1115,877,978,933,1423,1280,1627,1059,1124,1207,1758,1215,1051,1022,1199,1242,959,1003,1367,1553,1375,1292,1453,1597,1336,830,910,1039,1151,687,691,1138,1219,1182,1382,606,1787,1042,1135,1990,690,1651,862,442,73,1653,527,2,774,632,1254,1086,1177,1091,1037,1131,1190,1158,1143,1210,1108,994,1148,1196,1161,1147,1328,1539,1393,1579,1006,1127,1410,1466,1379,1559,786,708,1401,1330,1580,1631,1450,1551,1575,1630,1667,1641,1764,1735,2052,1693,1770,1070,1405,1861,1608,1151,763,355,196,1,0,0,0,1,0,2,3,0,0,4,8,10,24,43,57,104,76,167,349,175,485,320,623,423,889,1125,1023,867,761,1738,1638,1080,2136,1879,1001,1384,603,1539,1555,2035,1218,2132,2382,2230,1770,2568,270,1858,2279,1896,1507,634,248,689,1581,1594,1159,949,801,905,879,858,1370,1145,1205,1221,1416,1307,1281,1435,1180,1292,1147,1267,1205,705,472,1349,1127,1342,1491,1272,1409,1373,1359,1287,1464,1315,1809,1618,1401,1832,2012,1077,1650,1644,1491,1732,1590,1683,2264,1362,1166,597,732,573,1195,2338,1795,1707,1422,1653,1750,1846,1701,2056,1831,1406,1430,1500,1749,1403,1861,810,1575,1898,1783,1650,1687,1565,1553,1604,1558,1688,1619,1538,1611,1502,1681,1647,933,1610,1800,1621,1792,1864,1624,1484,1707,1650,1735,1884,1737,1605,1801,1622,883,494,71,92,1288,694,1737,1614,1332,1327,944,1557,1698,1441,1472,1541,1805,1559,1458,1796,1977,918,1590,1329,1532,1794,1648,1158,1723,1540,1634,1172,1517,1488,1398,1352,1400,1561,1372,1408,1190,1380,1433,1238,1356,1598,1567,1280,1584,1598,1706,1567,1842,445,120,69,518,490,1018,1286,1011,909,1373,1247,1470,1416,1377,1767,1120,1449,1713,1695,1375,1781,1554,1684,1353,1768,1598,1669,1271,1653,1426,951,1480,1677,1574,1503,1471,1283,1737,1625,1958,1881,1887,1810,1567,1374,1721,1703,1613,1655,1521,1848,1789,1559,660,49,179,627,815,1094,1294,1338,1498,1329,1401,1100,1052,1267,1603,1443,1265,1258,1089,1268,1485,1474,1432,1290,1163,1482,1883,1297,1442,1254,1698,1443,1568,1107,912,1016,745,930,1221,891,1079,893,1610,1232,1799,1559,1201,838,1190,1032,1539,1115,1228,396"
AAVDJ-VP1	mMobA	S3	"22,56,140,101,183,484,402,394,574,408,576,577,595,634,700,756,694,604,753,665,618,713,764,638,855,886,712,739,609,685,670,771,787,696,796,729,776,623,483,510,704,747,153,812,761,703,787,779,751,816,628,604,188,165,251,249,363,91,433,443,452,336,491,508,543,478,192,153,201,180,201,183,165,168,214,208,229,204,227,264,174,279,207,282,290,235,236,224,180,271,233,289,229,246,189,227,283,244,257,243,446,7787,3351,3061,1531,187,99,499,112,416,465,530,520,536,472,443,558,565,525,510,748,692,516,606,806,779,641,619,656,696,525,701,602,653,681,935,814,1034,1211,1032,289,374,62,205,285,244,291,403,417,374,389,296,432,554,580,624,435,606,293,108,282,73,229,290,596,644,825,347,407,394,386,428,410,412,431,466,407,546,494,534,367,555,542,625,622,414,457,654,631,565,661,621,697,582,765,561,665,594,780,862,527,894,696,542,725,858,1067,770,1138,404,309,278,443,496,1535,4561,1641,1472,1023,986,1093,1315,1549,1423,1124,1194,1295,1147,1530,1257,1425,1376,1427,1145,1229,1283,1511,1134,1246,1527,1294,1589,1383,1520,1217,1368,704,1188,1013,1491,1729,1567,1470,1581,2238,1747,2292,1902,1601,2700,3151,2896,2836,2961,1579,842,1284,486,1134,1438,1999,1883,1522,1566,973,985,1100,1146,1116,978,767,1011,1154,1052,1108,1242,1166,956,901,1028,796,980,1120,493,902,1042,983,613,639,749,1157,1269,1320,1387,1265,758,1235,1277,945,1097,1192,967,1349,1219,751,863,1014,1138,74,42,201,416,956,1183,1933,1427,1244,1165,1038,1577,1415,1860,1372,1230,1232,1777,1137,1088,1004,1275,1091,1053,1110,1264,1421,1361,1334,1410,1693,1348,887,950,1123,1135,601,705,1055,1196,1143,1481,669,1930,1082,1141,1981,634,1779,815,509,80,1631,549,1,872,633,1233,1056,1111,1056,1023,1186,1215,1192,1134,1209,1042,1107,1141,1213,1070,1094,1287,1336,1641,1542,1026,1101,1296,1371,1393,1487,781,661,1456,1486,1545,1764,1480,1695,1606,1685,1698,1753,1894,1791,2062,1804,1882,975,1502,1759,1271,960,642,252,140,0,0,0,1,0,0,0,0,0,0,1,8,10,15,45,66,118,91,238,515,251,709,376,921,543,1149,1458,1205,1053,949,2054,1796,1134,2088,1820,966,1224,565,1849,1701,2226,1427,2230,2203,2133,1627,2198,232,1737,1881,1691,1130,361,136,555,1273,1796,1420,1203,1426,1527,1302,1026,1576,1395,1401,1438,1409,1443,1364,1592,1295,1316,1200,1363,1207,671,440,1312,1226,1403,1390,1320,1343,1590,1534,1297,1482,1234,1852,1542,1345,1573,2017,1172,2072,1598,1786,1906,1664,1745,2382,1437,1285,622,867,531,1237,2315,1736,1599,1313,1644,1751,1704,1679,2184,2046,1655,1589,1903,2498,1940,2518,727,1836,2270,2315,1939,1816,1652,1694,1613,1652,1667,1495,1518,1742,1691,1655,1888,1082,1549,1709,1799,1976,2089,1781,1715,2432,2081,1815,2358,1944,1755,2066,1768,895,540,86,107,1531,633,1835,1608,1379,1361,911,1784,1729,1529,1512,1577,1867,1655,1334,1797,1926,760,1637,1447,1689,1816,1774,1037,1310,1257,1210,834,1124,1188,1199,1184,1236,1431,1602,1700,1522,1703,1678,1305,1530,1580,1507,1244,1463,1505,1568,1419,1617,431,133,63,483,497,1261,1415,1285,1065,1471,1407,1732,1541,1590,2033,1195,1607,1918,1875,1571,1872,1692,1922,1553,1957,1845,2036,1432,1893,1973,1271,2315,2821,2902,2949,2650,2388,2676,2837,3021,2882,2301,2345,1896,1653,2112,1977,1905,1909,1886,2223,2313,1853,855,62,243,710,1054,1031,1222,1255,1324,1174,1263,958,881,1261,1540,1697,1412,1355,1109,1760,1936,2056,2067,1619,1427,1731,2428,1433,1848,1604,2248,1778,2028,1515,657,1068,810,1166,1116,1054,1355,1045,1695,1191,1529,1222,822,653,664,685,777,422,498,173"
AAVDJ-VP1	mMobA	S5	"3,55,69,68,107,281,257,249,346,138,337,182,457,319,386,346,350,328,403,250,243,99,575,262,352,515,378,249,537,340,329,180,580,453,479,397,471,185,176,256,463,260,152,333,242,284,369,356,259,364,292,164,70,45,104,63,77,50,174,156,155,255,362,437,439,338,108,59,215,107,130,106,115,182,227,97,176,254,221,166,149,344,245,145,187,176,109,229,126,226,173,138,166,239,90,129,171,168,214,268,345,4226,2420,2178,981,136,39,409,62,315,309,333,376,337,354,327,473,446,368,448,459,332,351,357,467,548,534,383,670,416,295,518,382,469,281,690,470,552,725,730,203,197,49,176,199,165,311,243,428,393,324,168,244,222,436,434,181,533,145,81,200,33,124,230,457,628,775,244,329,244,355,406,372,296,195,342,290,365,420,358,247,315,376,445,404,521,369,477,331,455,557,359,605,473,681,322,387,479,576,654,290,456,586,675,682,808,1024,660,1005,456,221,319,342,414,1542,4066,1508,1575,840,1153,876,964,1608,1565,968,1104,1013,1156,1494,1057,1282,1112,1220,1415,1096,933,1361,1204,1284,1445,1258,1679,1588,1582,1111,1431,532,1309,835,1426,1652,1691,1588,1957,2059,1799,2148,1859,1757,2575,2505,2682,2770,2727,1640,807,1154,668,949,1085,1446,1904,1227,1592,952,1055,1281,1152,1173,854,919,1021,1462,1086,1370,1437,1310,1272,842,1016,804,1207,1433,336,710,1149,868,630,863,761,1213,1298,1236,1192,867,994,1218,1361,948,1187,1452,778,1284,1336,905,915,1483,1040,189,53,329,370,1202,1363,1808,1407,1042,951,994,1856,1506,1877,1494,959,1782,1699,1735,1328,1287,1473,1031,1314,1552,1461,1765,1598,1802,1167,2197,1979,961,1035,1046,725,908,508,1242,1264,1695,1536,640,2203,967,1731,2089,964,2301,838,473,20,1840,574,0,838,639,1686,1355,1050,1059,1372,1337,1158,1470,1168,1172,1200,1000,1400,870,1184,1048,1279,1505,1899,2144,1354,1296,1802,1195,1395,2094,753,837,1553,2013,1876,2193,1518,1791,1733,2009,2092,1981,2320,1547,2389,2273,2141,1177,1350,2550,1731,893,454,226,149,0,0,0,0,0,0,0,0,0,0,0,26,1,86,0,28,39,129,209,240,61,850,122,579,710,1020,1125,873,1186,484,1739,1277,1030,1959,1948,963,1167,524,1492,1380,1965,1042,2232,2462,2073,1398,2270,483,1770,2299,1529,1391,583,173,579,1270,1858,1304,1226,1364,999,1405,1157,1498,1702,1405,1401,1536,1356,972,1404,1232,1216,1376,1281,790,580,588,1159,1035,1409,1068,1206,1381,1025,974,798,1328,1250,1707,1044,1490,1064,2016,1080,1662,1326,1795,1607,1579,1882,2395,988,1290,604,675,585,1360,1872,1903,1254,1612,1920,1550,1638,1837,1890,2393,1763,1504,1897,2052,1766,1478,949,1243,1745,2224,1864,1537,1310,1688,1514,1513,1675,2117,1658,1486,1625,1519,2038,1073,1904,1508,1828,1968,2228,1632,1854,1672,2081,1846,2047,1699,1698,1295,1635,948,537,28,86,1645,738,1675,1605,1363,1042,947,1468,1367,1897,1748,1533,1531,1757,1369,1504,2102,841,1608,1353,1448,1958,1576,988,1130,1375,1062,1035,970,1285,1326,881,1145,1268,2085,1531,1697,1561,2251,1876,1433,1594,1419,957,1159,1961,1182,1431,2085,550,45,7,475,956,1148,1097,1535,1130,1805,1734,1504,1234,1714,2118,1186,1676,1993,2277,1918,2176,2250,1617,1445,2440,1868,2425,1440,2543,2121,954,2511,2397,2138,2650,2013,1764,2835,1789,2732,2644,1872,2587,1883,1977,1724,2170,2049,1858,2365,2478,2013,1896,999,77,241,850,1201,969,1191,736,1094,1205,925,1079,609,1429,1611,1216,876,1013,1200,1247,1205,1397,1619,1245,1381,915,1901,1226,1315,1014,1641,1718,1304,1147,835,1057,786,959,1213,638,825,869,1223,1192,1572,1409,1003,564,934,750,1406,717,793,383"
AAVDJ-VP1	mMobA	S9	"20,120,250,180,237,706,616,568,862,543,738,678,719,734,767,844,761,668,785,702,608,730,751,605,890,872,740,699,571,637,637,757,698,704,786,619,685,529,442,415,610,557,235,670,598,529,693,570,629,642,510,407,157,101,200,211,330,91,451,395,476,346,581,579,705,566,322,315,308,269,349,269,313,266,315,347,356,330,338,355,265,354,316,314,355,326,334,342,256,365,326,305,323,301,279,293,361,273,341,356,616,7471,4205,3843,1974,219,117,478,180,550,617,733,695,725,614,608,658,810,679,670,869,818,476,703,902,907,724,709,746,647,570,773,643,644,686,899,825,1126,1445,1118,424,477,86,282,348,295,296,455,546,450,455,280,401,641,516,664,489,632,357,112,253,103,243,370,820,820,1072,552,640,465,555,703,601,607,553,606,548,712,673,673,540,825,623,857,946,560,627,1016,892,815,932,810,839,902,1066,747,863,842,1156,1079,633,1146,1004,821,1060,1212,1445,1139,1474,587,476,487,656,604,2284,6946,2449,2457,1587,1517,1740,1995,2322,2066,1494,1792,1856,1834,2583,1925,2502,1897,2521,1991,2296,1987,2508,2053,2274,2588,2502,2927,2498,2612,2351,2378,1284,2333,1860,2531,3158,2792,2695,2752,3933,2958,3911,3433,2986,3569,3687,3231,3323,3452,1927,1047,1586,642,1484,1906,2590,2516,1974,2156,1309,1705,1904,1883,1992,1665,1405,1781,2179,1705,1993,2290,1995,1737,1675,1878,1359,1903,1943,839,1659,1955,1802,1112,1138,1256,2184,2125,2288,2372,2116,1472,2087,2265,1653,2130,2253,1874,2272,2273,1522,1675,1928,1971,146,75,371,792,1884,2174,3041,2094,1493,1633,1405,2108,1905,2486,2046,2071,2370,3372,2372,2313,1954,2372,1982,1987,1945,2183,2814,2596,2418,2813,3177,2658,1719,1910,2170,2067,1313,1381,2109,2342,2193,2679,1331,3498,2175,2181,3978,1298,3413,1510,933,165,3305,1029,0,1696,1294,2538,2213,2029,1982,1629,1538,1917,1745,1710,1745,1518,1560,1682,1741,1658,1576,1998,2031,2447,3068,2206,2415,2904,3069,2945,3191,1642,1387,2899,2969,3268,3404,3187,3394,3125,3366,3514,3688,3886,3708,4393,3423,3727,2214,2976,3571,2402,1685,1147,428,295,0,1,0,0,1,2,3,0,2,0,0,7,16,36,42,64,124,87,194,460,220,678,352,817,487,1234,1521,1301,1143,1061,2175,2137,1352,2518,2206,1131,1683,608,1631,1645,2257,1348,2361,2564,2313,1742,2554,316,2069,2383,2115,1628,537,220,741,1486,1690,1253,1126,979,1163,1001,1123,1718,1424,1637,1624,1744,1565,1626,1893,1621,1595,1439,1541,1563,883,591,1584,1412,1720,1757,1673,1606,1593,1614,1566,1735,1525,2171,1679,1510,1896,2030,1166,1857,1869,1788,2062,1890,1946,2736,1620,1402,762,965,648,1503,2916,1903,2067,1693,1936,2241,2194,1935,2403,2297,1936,1830,2022,2466,1915,2540,1051,2147,2590,2467,2218,2234,2026,2056,1984,1973,1962,1854,1877,2083,2076,2048,2189,1220,1920,2010,1894,2160,2143,1965,1867,1908,2015,2034,2485,2301,2070,2420,2147,1124,645,97,127,1678,860,2260,2160,1757,1679,1224,2154,2026,1934,1936,1904,2169,2037,1810,2236,2318,1061,1972,1627,1800,1980,1906,1334,1918,1708,1800,1213,1406,1618,1457,1423,1433,1755,1683,2026,1903,2760,2907,2266,2687,2455,2319,2004,2308,2174,2405,2200,2278,579,171,82,712,612,1499,2075,1721,1529,2682,2321,2928,2728,2868,3480,2153,2682,3320,3289,2505,3329,2834,3420,2690,3395,3039,3368,2579,3204,2699,1882,2970,3164,2831,2837,2757,2317,2747,2892,3288,3430,3322,3798,3108,2661,3320,3466,3153,3172,3068,3569,3549,3012,1270,93,397,1304,1598,1265,1340,1443,1492,1337,1361,1123,1033,1301,1510,1567,1292,1275,1131,1546,1622,1615,1549,1303,1379,1530,2052,1269,1503,1303,1938,1706,1832,1281,832,1146,844,991,1165,1039,1290,1029,1719,1346,1732,1583,1009,802,1105,925,1235,875,934,325"
AAVDJ-VP1	mMobA	S6	"13,69,106,70,106,313,249,253,365,206,322,266,320,291,287,354,301,303,352,251,246,309,312,274,317,349,284,278,254,263,247,265,313,302,321,250,260,229,195,195,246,216,100,285,267,207,292,250,237,269,226,150,68,46,104,88,118,45,175,176,207,116,262,212,321,238,133,115,149,127,137,111,98,117,152,156,145,122,155,155,142,152,146,137,131,142,153,158,107,165,143,149,145,131,117,136,154,126,138,144,241,3039,1797,1717,803,81,54,245,84,250,234,318,288,296,260,239,268,313,288,304,335,327,206,309,388,364,294,290,298,296,225,325,272,281,292,333,337,486,549,438,172,170,33,106,164,128,109,167,211,178,191,122,166,209,233,224,213,247,130,41,83,45,103,152,355,334,416,217,234,231,225,295,237,224,270,259,219,289,284,314,218,343,261,291,373,251,265,365,347,340,373,321,387,378,464,303,366,309,469,431,270,479,432,371,417,493,582,392,577,219,194,174,299,235,962,2732,974,1030,639,603,621,718,937,880,596,747,704,730,1055,778,995,820,968,811,894,921,1006,815,956,1067,987,1239,1016,1043,902,1013,445,1000,822,1044,1271,1134,1018,1143,1627,1268,1731,1372,1294,1463,1427,1307,1379,1360,720,414,622,270,606,788,1064,1077,754,815,548,706,856,882,843,689,599,643,867,759,834,943,781,662,742,734,570,773,848,361,655,779,725,451,511,533,870,919,876,947,881,592,837,879,651,903,937,663,941,932,504,695,844,805,51,34,136,307,718,906,1260,825,544,605,551,802,727,964,794,820,989,1426,976,876,841,1014,877,855,795,846,1226,1174,985,1244,1289,1069,759,784,903,903,485,588,798,1002,919,1151,567,1372,876,874,1567,528,1287,665,391,66,1383,429,0,659,567,961,877,831,894,615,682,760,732,754,656,689,634,644,695,669,646,787,798,939,1336,857,958,1212,1255,1223,1381,751,585,1271,1213,1299,1377,1273,1415,1419,1404,1443,1518,1618,1498,1740,1454,1564,902,1189,1441,977,747,478,208,135,0,0,0,1,0,1,0,1,0,0,0,6,2,18,10,18,41,40,76,183,89,268,163,336,200,497,608,510,433,379,804,875,570,996,910,470,711,266,641,704,969,567,919,1038,998,759,1083,132,923,1026,855,651,275,99,325,714,677,439,437,388,455,431,418,676,605,693,594,668,696,589,707,590,645,571,618,606,342,231,704,600,694,694,714,639,663,642,642,698,617,898,660,655,784,834,516,753,752,667,889,807,845,1037,661,613,340,412,273,553,1222,797,821,713,798,922,838,855,996,977,754,732,817,986,839,980,405,834,989,974,944,917,870,812,843,800,807,730,799,792,844,837,855,474,777,878,780,828,877,782,738,832,745,897,950,927,793,948,802,386,247,46,45,700,342,886,838,656,606,480,828,831,758,818,850,854,779,737,875,957,439,797,663,749,837,775,479,731,686,721,514,606,660,642,606,609,701,741,731,753,1033,1253,992,1035,1018,917,766,929,903,947,831,897,232,69,46,263,273,604,822,675,655,1054,894,1257,1102,1108,1362,933,1083,1330,1293,1126,1454,1226,1342,1097,1420,1308,1385,1092,1386,1087,777,1208,1264,1144,1151,1044,934,1140,1142,1245,1341,1369,1514,1233,1073,1401,1371,1354,1280,1294,1493,1456,1316,568,42,157,512,698,496,561,588,587,573,565,427,407,514,567,641,572,497,471,577,665,616,653,543,528,654,759,503,602,531,782,732,761,504,329,490,388,405,509,391,505,424,667,538,673,630,449,361,418,400,567,361,388,152"
total reads 7306465